{"la donna": {"translations": ["the woman"], "lastCorrect": "2024-08-17", "count": 1, "part": "Noun"}, "il libro": {"translations": ["the book"], "lastCorrect": "2024-08-17", "count": 1, "part": "Noun"}, "lo zucchero": {"translations": ["sugar"], "lastCorrect": "2024-08-17", "count": 1, "part": "Noun"}, "le donne": {"translations": ["women"], "lastCorrect": "2024-08-17", "count": 1, "part": "Noun"}, "chiusa": {"translations": ["closed"], "lastCorrect": "2024-08-17", "count": 1, "part": "Noun"}, "domani": {"translations": ["tomorrow"], "lastCorrect": "2024-08-17", "count": 1, "part": "Noun"}, "ieri": {"translations": ["yesterday"], "lastCorrect": "2024-08-17", "count": 1, "part": "Noun"}, "quanto": {"translations": ["how much"], "lastCorrect": "2024-08-17", "count": 1, "part": "Adjective"}, "quanti": {"translations": ["how many"], "lastCorrect": "2024-08-17", "count": 1, "part": "Adjective"}, "quando": {"translations": ["when"], "lastCorrect": "2024-08-17", "count": 1, "part": ""}, "pomeriggo": {"translations": ["afternoon"], "lastCorrect": "2025-04-13", "count": 2, "part": ""}, "il dotorre": {"translations": ["the dotorre"], "lastCorrect": "2024-08-17", "count": 1, "part": "Noun"}, "il dottore": {"translations": ["the doctor"], "lastCorrect": "2024-08-17", "count": 1, "part": "Noun"}, "la dottoressa": {"translations": ["the doctor"], "lastCorrect": "2024-08-17", "count": 1, "part": "Noun"}, "casa": {"translations": ["home"], "lastCorrect": "2024-08-17", "count": 1, "part": "Noun"}, "finestra": {"translations": ["window"], "lastCorrect": "2024-08-17", "count": 1, "part": "Noun"}, "lunedi": {"translations": ["monday"], "lastCorrect": "2024-08-17", "count": 1, "part": "Noun"}, "il museo": {"translations": ["The Museum"], "lastCorrect": "2024-08-17", "count": 1, "part": "Noun"}, "il parco": {"translations": ["The Park"], "lastCorrect": "2024-08-17", "count": 1, "part": "Noun"}, "la piazza": {"translations": ["The Square"], "lastCorrect": "2024-08-17", "count": 1, "part": "Noun"}, "la regione": {"translations": ["The Region"], "lastCorrect": "2024-08-17", "count": 1, "part": "Noun"}, "lo stadio": {"translations": ["The Stadium"], "lastCorrect": "2024-08-17", "count": 1, "part": "Noun"}, "il prigione": {"translations": ["The Prison"], "lastCorrect": "2024-08-17", "count": 1, "part": "Noun"}, "il posto": {"translations": ["The place"], "lastCorrect": "2024-08-17", "count": 1, "part": "Noun"}, "oppure": {"translations": ["or"], "lastCorrect": "2024-08-17", "count": 2, "part": ""}, "davverro": {"translations": ["It will happen"], "lastCorrect": "2024-08-17", "count": 1, "part": ""}, "quale": {"translations": ["which"], "lastCorrect": "2024-08-17", "count": 1, "part": ""}, "il teatro": {"translations": ["The theatre"], "lastCorrect": "2024-08-17", "count": 1, "part": "Noun"}, "il stazione": {"translations": ["The Station"], "lastCorrect": "2024-08-17", "count": 1, "part": "Noun"}, "il paese": {"translations": ["The country"], "lastCorrect": "2024-08-17", "count": 1, "part": "Noun"}, "il comunita": {"translations": ["The Community"], "lastCorrect": "2024-08-17", "count": 1, "part": "Noun"}, "il villagio": {"translations": ["The Village"], "lastCorrect": "2024-08-17", "count": 1, "part": "Noun"}, "il supermercato": {"translations": ["The supermarket"], "lastCorrect": "2024-08-17", "count": 1, "part": "Noun"}, "la strada": {"translations": ["The Road"], "lastCorrect": "2024-08-17", "count": 1, "part": "Noun"}, "senza": {"translations": ["without"], "lastCorrect": "2024-08-17", "count": 2, "part": ""}, "la griglia": {"translations": ["The Grid"], "lastCorrect": "2024-08-17", "count": 2, "part": "Noun"}, "diversi": {"translations": ["different"], "lastCorrect": "2024-08-17", "count": 1, "part": "Adjective"}, "gia": {"translations": ["already"], "lastCorrect": "2024-08-17", "count": 1, "part": "Adverb"}, "il negozio": {"translations": ["The Shop"], "lastCorrect": "2025-04-13", "count": 2, "part": "Noun"}, "il palazzo": {"translations": ["The Palace"], "lastCorrect": "2024-08-17", "count": 1, "part": "Noun"}, "la provincia": {"translations": ["The Province"], "lastCorrect": "2024-08-17", "count": 1, "part": "Noun"}, "il porto": {"translations": ["The Port"], "lastCorrect": "2024-08-17", "count": 1, "part": "Noun"}, "sai": {"translations": ["You know"], "lastCorrect": "2024-08-17", "count": 1, "part": "Verb (Infinitive)"}, "il quartiere": {"translations": ["The Neighbourhood"], "lastCorrect": "2024-08-17", "count": 1, "part": "Noun"}, "la ferroviaria": {"translations": ["The Railway"], "lastCorrect": "2024-08-17", "count": 1, "part": "Noun"}, "la divisa": {"translations": ["The uniform"], "lastCorrect": "2024-08-17", "count": 1, "part": "Noun"}, "vecchio": {"translations": ["old"], "lastCorrect": "2024-08-17", "count": 1, "part": "Adjective"}, "ancora": {"translations": ["Anchor", "still"], "lastCorrect": "2024-08-19", "count": 1, "part": "Adjective"}, "intorno": {"translations": ["around"], "lastCorrect": "2024-08-17", "count": 1, "part": ""}, "sopra": {"translations": ["above"], "lastCorrect": "2024-08-17", "count": 1, "part": ""}, "certo": {"translations": ["Sure", "of course"], "lastCorrect": "", "count": 0, "part": ""}, "stanotte": {"translations": ["Tonight"], "lastCorrect": "2024-08-17", "count": 1, "part": "Noun"}, "la collina": {"translations": ["The Hill"], "lastCorrect": "2024-08-17", "count": 1, "part": "Noun"}, "spesso": {"translations": ["often"], "lastCorrect": "2024-08-17", "count": 1, "part": "Adjective"}, "insieme": {"translations": ["together"], "lastCorrect": "2024-08-17", "count": 1, "part": "Adjective"}, "l'angolo": {"translations": ["The corner", "the corner"], "lastCorrect": "", "count": 0, "part": ""}, "supermercato": {"translations": ["supermarket"], "lastCorrect": "2024-08-17", "count": 1, "part": "Noun"}, "diventare": {"translations": ["becoming", "to become"], "lastCorrect": "2024-08-17", "count": 1, "part": "Verb (Infinitive)"}, "sotto": {"translations": ["under"], "lastCorrect": "2024-08-17", "count": 1, "part": ""}, "fattoria": {"translations": ["farm"], "lastCorrect": "2024-08-17", "count": 1, "part": "Noun"}, "campo": {"translations": ["field"], "lastCorrect": "2024-08-17", "count": 1, "part": "Noun"}, "centro": {"translations": ["center"], "lastCorrect": "2024-08-17", "count": 1, "part": "Noun"}, "scala": {"translations": ["ladder"], "lastCorrect": "2024-08-17", "count": 1, "part": "Noun"}, "colpire": {"translations": ["hit"], "lastCorrect": "2024-08-17", "count": 2, "part": "Verb (Infinitive)"}, "caro": {"translations": ["expensive"], "lastCorrect": "2024-08-17", "count": 1, "part": "Adjective"}, "economico": {"translations": ["cheap"], "lastCorrect": "2024-08-17", "count": 1, "part": "Adjective"}, "straniero": {"translations": ["foreign"], "lastCorrect": "2024-08-17", "count": 1, "part": "Adjective"}, "giovane": {"translations": ["young", "youngster"], "lastCorrect": "", "count": 0, "part": "Adjective"}, "chiudi": {"translations": ["close"], "lastCorrect": "2024-08-17", "count": 1, "part": "Verb (Infinitive)"}, "chiaro": {"translations": ["clear"], "lastCorrect": "2024-08-17", "count": 1, "part": "Adjective"}, "tappeto": {"translations": ["carpet"], "lastCorrect": "2024-08-17", "count": 1, "part": "Noun"}, "dimenticare": {"translations": ["forget"], "lastCorrect": "2024-08-17", "count": 1, "part": "Verb (Infinitive)"}, "chiavi": {"translations": ["keys"], "lastCorrect": "2024-08-17", "count": 1, "part": "Noun"}, "chiave": {"translations": ["key"], "lastCorrect": "2024-08-17", "count": 1, "part": "Noun"}, "scrivania": {"translations": ["desk"], "lastCorrect": "2024-08-17", "count": 1, "part": "Noun"}, "capace": {"translations": ["capable"], "lastCorrect": "2024-08-17", "count": 1, "part": "Adjective"}, "ricco": {"translations": ["rich"], "lastCorrect": "2024-08-17", "count": 1, "part": "Adjective"}, "le docce": {"translations": ["the showers"], "lastCorrect": "2024-08-17", "count": 1, "part": "Noun"}, "successivo": {"translations": ["next"], "lastCorrect": "2024-08-17", "count": 1, "part": ""}, "spiegare": {"translations": ["explain"], "lastCorrect": "2024-08-17", "count": 1, "part": "Verb (Infinitive)"}, "mi fermo": {"translations": ["i stop"], "lastCorrect": "2024-08-17", "count": 1, "part": "Verb (Present)"}, "tetto": {"translations": ["roof"], "lastCorrect": "2024-08-17", "count": 1, "part": "Noun"}, "breve": {"translations": ["short"], "lastCorrect": "2024-08-17", "count": 1, "part": ""}, "borsa": {"translations": ["bag"], "lastCorrect": "2024-08-17", "count": 1, "part": ""}, "gratuito": {"translations": ["free"], "lastCorrect": "2024-08-17", "count": 1, "part": ""}, "diverso": {"translations": ["different"], "lastCorrect": "2024-08-17", "count": 1, "part": ""}, "solo": {"translations": ["alone", "just"], "lastCorrect": "2024-08-17", "count": 1, "part": ""}, "crescono": {"translations": ["raise"], "lastCorrect": "2024-08-17", "count": 2, "part": ""}, "crescere": {"translations": ["grow"], "lastCorrect": "2024-08-17", "count": 1, "part": ""}, "elettrico": {"translations": ["electric"], "lastCorrect": "2024-08-17", "count": 1, "part": ""}, "freddo": {"translations": ["cold"], "lastCorrect": "2024-08-17", "count": 1, "part": ""}, "correre": {"translations": ["to run"], "lastCorrect": "2024-08-17", "count": 1, "part": ""}, "per risparmiare": {"translations": ["to save"], "lastCorrect": "2024-08-17", "count": 1, "part": ""}, "salva": {"translations": ["save"], "lastCorrect": "2024-08-17", "count": 1, "part": ""}, "letto": {"translations": ["bed"], "lastCorrect": "2024-08-17", "count": 1, "part": ""}, "cuscino": {"translations": ["pillow"], "lastCorrect": "2024-08-17", "count": 1, "part": ""}, "normale": {"translations": ["normal"], "lastCorrect": "2024-08-17", "count": 1, "part": ""}, "da inviare": {"translations": ["to send"], "lastCorrect": "2024-08-17", "count": 1, "part": ""}, "manda": {"translations": ["send"], "lastCorrect": "2024-08-17", "count": 1, "part": ""}, "ovunque": {"translations": ["everywhere"], "lastCorrect": "2024-08-17", "count": 1, "part": ""}, "qui": {"translations": ["here"], "lastCorrect": "2024-08-17", "count": 1, "part": ""}, "un cuscino": {"translations": ["a pillow"], "lastCorrect": "2024-08-17", "count": 1, "part": ""}, "ascoltare": {"translations": ["to hear"], "lastCorrect": "2024-08-17", "count": 1, "part": ""}, "sento": {"translations": ["i hear"], "lastCorrect": "2024-08-17", "count": 1, "part": ""}, "il dentifricio": {"translations": ["the toothpaste"], "lastCorrect": "2024-08-17", "count": 1, "part": ""}, "il riscaldamento": {"translations": ["the heating"], "lastCorrect": "2024-08-17", "count": 1, "part": ""}, "il rasoio": {"translations": ["the razor"], "lastCorrect": "2024-08-17", "count": 1, "part": ""}, "perdere": {"translations": ["to lose"], "lastCorrect": "2024-08-17", "count": 1, "part": ""}, "sempre": {"translations": ["always"], "lastCorrect": "2024-08-17", "count": 1, "part": ""}, "lo fanno": {"translations": ["they do"], "lastCorrect": "2024-08-17", "count": 1, "part": ""}, "succede": {"translations": ["happens"], "lastCorrect": "2024-08-17", "count": 1, "part": ""}, "perdo": {"translations": ["i lose"], "lastCorrect": "2024-08-17", "count": 1, "part": ""}, "tuttavia": {"translations": ["anyway"], "lastCorrect": "2024-08-17", "count": 1, "part": ""}, "meglio": {"translations": ["better"], "lastCorrect": "2024-08-17", "count": 1, "part": ""}, "completamente": {"translations": ["completely"], "lastCorrect": "2024-08-17", "count": 1, "part": ""}, "il tempo": {"translations": ["the weather"], "lastCorrect": "2025-04-13", "count": 2, "part": ""}, "capire": {"translations": ["understand", "to understand"], "lastCorrect": "", "count": 0, "part": ""}, "capisco": {"translations": ["i understand"], "lastCorrect": "2024-08-17", "count": 1, "part": ""}, "benissimo": {"translations": ["very well"], "lastCorrect": "2024-08-17", "count": 1, "part": ""}, "oltre": {"translations": ["beyond"], "lastCorrect": "2024-08-17", "count": 1, "part": ""}, "troppo": {"translations": ["too"], "lastCorrect": "2024-08-17", "count": 1, "part": ""}, "veramente": {"translations": ["really"], "lastCorrect": "2024-08-17", "count": 1, "part": ""}, "nemmeno": {"translations": ["not even"], "lastCorrect": "2024-08-17", "count": 1, "part": ""}, "nemmeno uno": {"translations": ["not even one"], "lastCorrect": "2024-08-17", "count": 1, "part": ""}, "anche avere": {"translations": ["even have"], "lastCorrect": "2024-08-17", "count": 1, "part": ""}, "vero": {"translations": ["real"], "lastCorrect": "2024-08-17", "count": 1, "part": ""}, "circa": {"translations": ["approximately"], "lastCorrect": "2024-08-17", "count": 1, "part": ""}, "davvero": {"translations": ["really"], "lastCorrect": "2024-08-17", "count": 1, "part": ""}, "scusa": {"translations": ["sorry"], "lastCorrect": "2024-08-17", "count": 1, "part": ""}, "mi dispiace": {"translations": ["i am sorry"], "lastCorrect": "2024-08-17", "count": 1, "part": ""}, "spiacente": {"translations": ["sorry"], "lastCorrect": "2024-08-17", "count": 1, "part": ""}, "ovviamente": {"translations": ["obviously"], "lastCorrect": "2024-08-17", "count": 1, "part": ""}, "prima": {"translations": ["earlier"], "lastCorrect": "2024-08-17", "count": 1, "part": ""}, "fuori": {"translations": ["outside"], "lastCorrect": "2024-08-17", "count": 1, "part": ""}, "la sedia": {"translations": ["the seat"], "lastCorrect": "2024-08-17", "count": 1, "part": ""}, "il muro": {"translations": ["the wall"], "lastCorrect": "2024-08-17", "count": 1, "part": ""}, "la cena": {"translations": ["dinner"], "lastCorrect": "2024-08-17", "count": 1, "part": ""}, "lo sai": {"translations": ["you know"], "lastCorrect": "2024-08-17", "count": 1, "part": ""}, "appena": {"translations": ["as soon as"], "lastCorrect": "2024-08-17", "count": 1, "part": ""}, "al piu presto": {"translations": ["as soon as"], "lastCorrect": "2024-08-17", "count": 1, "part": ""}, "subito": {"translations": ["right away"], "lastCorrect": "2024-08-17", "count": 1, "part": ""}, "piuttosto": {"translations": ["pretty", "rather"], "lastCorrect": "", "count": 0, "part": ""}, "soltanto": {"translations": ["just"], "lastCorrect": "2024-08-17", "count": 2, "part": ""}, "da solo": {"translations": ["by yourself"], "lastCorrect": "2024-08-17", "count": 1, "part": ""}, "non beve mai": {"translations": ["never drinks"], "lastCorrect": "2024-08-17", "count": 1, "part": ""}, "soprattutto": {"translations": ["mostly", "mainly"], "lastCorrect": "2024-08-17", "count": 1, "part": ""}, "comunque": {"translations": ["anyway"], "lastCorrect": "2024-08-17", "count": 1, "part": ""}, "poi": {"translations": ["then"], "lastCorrect": "2024-08-17", "count": 1, "part": ""}, "principalmente": {"translations": ["mainly"], "lastCorrect": "2024-08-17", "count": 1, "part": ""}, "molto": {"translations": ["a lot"], "lastCorrect": "2024-08-17", "count": 1, "part": ""}, "tanto": {"translations": ["a lot"], "lastCorrect": "2024-08-17", "count": 1, "part": ""}, "anch'io": {"translations": ["me too"], "lastCorrect": "2024-08-17", "count": 1, "part": ""}, "tartaruga": {"translations": ["turtle"], "lastCorrect": "2024-08-17", "count": 1, "part": ""}, "inoltre": {"translations": ["besides"], "lastCorrect": "2024-08-17", "count": 1, "part": ""}, "offriamo": {"translations": ["we offer"], "lastCorrect": "2024-08-17", "count": 1, "part": ""}, "provare": {"translations": ["try"], "lastCorrect": "2025-04-13", "count": 2, "part": ""}, "giocare": {"translations": ["play"], "lastCorrect": "2024-08-17", "count": 1, "part": ""}, "cambiamento": {"translations": ["change"], "lastCorrect": "2024-08-17", "count": 1, "part": ""}, "io cambio": {"translations": ["i change"], "lastCorrect": "2024-08-17", "count": 1, "part": ""}, "costruisci": {"translations": ["you build"], "lastCorrect": "2024-08-17", "count": 1, "part": ""}, "la porta": {"translations": ["the gate"], "lastCorrect": "2024-08-17", "count": 1, "part": ""}, "libreria": {"translations": ["library", "bookstore"], "lastCorrect": "2024-08-19", "count": 1, "part": ""}, "biblioteca": {"translations": ["library"], "lastCorrect": "2024-08-17", "count": 1, "part": ""}, "il motore": {"translations": ["the motor"], "lastCorrect": "2025-04-13", "count": 2, "part": ""}, "il pettine": {"translations": ["the comb"], "lastCorrect": "2024-08-17", "count": 1, "part": ""}, "il pennello": {"translations": ["the brush"], "lastCorrect": "2024-08-17", "count": 1, "part": ""}, "il spazzola": {"translations": ["the brush"], "lastCorrect": "2024-08-17", "count": 1, "part": ""}, "la busta": {"translations": ["the envelope"], "lastCorrect": "2024-08-17", "count": 1, "part": ""}, "un diario": {"translations": ["a diary"], "lastCorrect": "2024-08-17", "count": 1, "part": ""}, "la scatola": {"translations": ["the box"], "lastCorrect": "2024-08-17", "count": 1, "part": ""}, "forma": {"translations": ["shape"], "lastCorrect": "2024-08-17", "count": 1, "part": ""}, "un pezzo": {"translations": ["a piece"], "lastCorrect": "2024-08-17", "count": 1, "part": ""}, "patente di guida": {"translations": ["driver's license"], "lastCorrect": "2024-08-17", "count": 1, "part": ""}, "i regali": {"translations": ["the presents"], "lastCorrect": "2024-08-17", "count": 1, "part": ""}, "un ventilatore": {"translations": ["a fan"], "lastCorrect": "2024-08-17", "count": 1, "part": ""}, "una tastiera": {"translations": ["a keyboard"], "lastCorrect": "2024-08-17", "count": 1, "part": ""}, "occhiali": {"translations": ["glasses"], "lastCorrect": "2024-08-17", "count": 1, "part": ""}, "occhiali da sole": {"translations": ["sun glasses"], "lastCorrect": "2024-08-17", "count": 1, "part": ""}, "il flauto": {"translations": ["the flute"], "lastCorrect": "2024-08-17", "count": 1, "part": ""}, "il violino": {"translations": ["the violin"], "lastCorrect": "2024-08-17", "count": 1, "part": ""}, "lo schermo": {"translations": ["the screen"], "lastCorrect": "2024-08-17", "count": 1, "part": ""}, "un oggetto": {"translations": ["an object"], "lastCorrect": "2024-08-17", "count": 1, "part": ""}, "foglio di carta": {"translations": ["sheet of paper"], "lastCorrect": "2024-08-17", "count": 1, "part": ""}, "foglio": {"translations": ["paper"], "lastCorrect": "2024-08-17", "count": 1, "part": ""}, "una ruota": {"translations": ["a wheel"], "lastCorrect": "2024-08-17", "count": 1, "part": ""}, "\u00abun motore\u00bb": {"translations": ["an engine"], "lastCorrect": "2024-08-17", "count": 1, "part": ""}, "la batteria": {"translations": ["the battery"], "lastCorrect": "2024-08-17", "count": 1, "part": ""}, "il tamburo": {"translations": ["the drum"], "lastCorrect": "2024-08-17", "count": 1, "part": ""}, "\u00abl'alcol\u00bb": {"translations": ["the alcohol"], "lastCorrect": "2025-04-13", "count": 2, "part": ""}, "la nave": {"translations": ["the ship"], "lastCorrect": "2024-08-17", "count": 1, "part": ""}, "l'auto": {"translations": ["the car"], "lastCorrect": "2024-08-17", "count": 1, "part": ""}, "la macchina": {"translations": ["the car"], "lastCorrect": "2024-08-17", "count": 1, "part": ""}, "l'automobile": {"translations": ["the automobile"], "lastCorrect": "2024-08-17", "count": 1, "part": ""}, "\u00ablo strumento\u00bb": {"translations": ["the instrument"], "lastCorrect": "2024-08-17", "count": 1, "part": ""}, "gas": {"translations": ["benzina"], "lastCorrect": "2025-04-13", "count": 2, "part": ""}, "benzina": {"translations": ["gasoline"], "lastCorrect": "2024-08-17", "count": 1, "part": ""}, "domanda": {"translations": ["demand"], "lastCorrect": "2024-08-17", "count": 1, "part": ""}, "gli strumenti": {"translations": ["the tools"], "lastCorrect": "2024-08-17", "count": 1, "part": ""}, "chiedi": {"translations": ["ask"], "lastCorrect": "2024-08-17", "count": 2, "part": ""}, "un rumore": {"translations": ["a noise"], "lastCorrect": "2024-08-17", "count": 1, "part": ""}, "improvvisamente": {"translations": ["suddenly"], "lastCorrect": "2024-08-17", "count": 1, "part": ""}, "camminare": {"translations": ["walk"], "lastCorrect": "2024-08-17", "count": 1, "part": ""}, "qualcosa": {"translations": ["something"], "lastCorrect": "2024-08-17", "count": 1, "part": ""}, "l'edificio": {"translations": ["the building"], "lastCorrect": "2024-08-17", "count": 1, "part": ""}, "la panetteria": {"translations": ["the bakery"], "lastCorrect": "2024-08-17", "count": 1, "part": ""}, "la pasticceria": {"translations": ["the bakery"], "lastCorrect": "2024-08-17", "count": 1, "part": ""}, "una collina": {"translations": ["a hill"], "lastCorrect": "2024-08-17", "count": 1, "part": ""}, "prigione": {"translations": ["prison"], "lastCorrect": "2024-08-17", "count": 1, "part": ""}, "uomo": {"translations": ["man"], "lastCorrect": "2024-08-17", "count": 1, "part": ""}, "donna delle pulizie": {"translations": ["cleaning lady"], "lastCorrect": "2024-08-17", "count": 1, "part": ""}, "agricoltore": {"translations": ["farmer", ["farmer"]], "lastCorrect": "2024-08-17", "count": 1, "part": "Noun"}, "cos\u00ec": {"translations": ["so"], "lastCorrect": "2024-08-17", "count": 2, "part": ""}, "divano": {"translations": ["sofa"], "lastCorrect": "2024-08-17", "count": 1, "part": ""}, "l'albergo": {"translations": ["The Hotel"], "lastCorrect": "2024-08-17", "count": 1, "part": ""}, "accadere": {"translations": ["happening"], "lastCorrect": "2024-08-17", "count": 1, "part": ""}, "si apre": {"translations": ["opens"], "lastCorrect": "2024-08-17", "count": 1, "part": ""}, "bene": {"translations": ["well"], "lastCorrect": "2024-08-17", "count": 1, "part": ""}, "almeno": {"translations": ["at least"], "lastCorrect": "2024-08-17", "count": 1, "part": ""}, "anche": {"translations": ["also"], "lastCorrect": "2024-08-17", "count": 1, "part": ""}, "birra": {"translations": ["beer"], "lastCorrect": "2024-08-17", "count": 1, "part": ""}, "anatra": {"translations": ["duck"], "lastCorrect": "2024-08-17", "count": 1, "part": ""}, "\u00abindividui\u00bb": {"translations": ["individuals"], "lastCorrect": "2024-08-17", "count": 1, "part": ""}, "natura": {"translations": ["nature"], "lastCorrect": "2024-08-17", "count": 2, "part": ""}, "carattere": {"translations": ["nature", "character"], "lastCorrect": "2024-08-17", "count": 1, "part": ""}, "persone": {"translations": ["people"], "lastCorrect": "2024-08-17", "count": 1, "part": ""}, "popolo": {"translations": ["people"], "lastCorrect": "2024-08-17", "count": 1, "part": ""}, "\u00abpopolazione\u00bb": {"translations": ["population"], "lastCorrect": "2024-08-17", "count": 1, "part": ""}, "personalit\u00e0": {"translations": ["personality"], "lastCorrect": "2024-08-17", "count": 1, "part": ""}, "cittadino": {"translations": ["citizen"], "lastCorrect": "2024-08-17", "count": 1, "part": ""}, "generazione": {"translations": ["generation"], "lastCorrect": "2024-08-17", "count": 1, "part": ""}, "contadini": {"translations": ["farmer"], "lastCorrect": "2024-08-17", "count": 1, "part": ""}, "bello": {"translations": ["nice"], "lastCorrect": "2025-04-13", "count": 2, "part": ""}, "simpatico": {"translations": ["nice"], "lastCorrect": "2025-04-13", "count": 2, "part": ""}, "\u00abuna relazione\u00bb": {"translations": ["a report"], "lastCorrect": "2024-08-17", "count": 1, "part": ""}, "un raporto": {"translations": ["a report"], "lastCorrect": "2024-08-17", "count": 1, "part": ""}, "un compagno": {"translations": ["a partner"], "lastCorrect": "2024-08-17", "count": 1, "part": ""}, "compagno di stanza": {"translations": ["roommate"], "lastCorrect": "2024-08-17", "count": 1, "part": ""}, "sposi": {"translations": ["newlyweds"], "lastCorrect": "2024-08-17", "count": 1, "part": ""}, "simpatica": {"translations": ["nice"], "lastCorrect": "2025-04-13", "count": 2, "part": ""}, "relazioni": {"translations": ["relationships"], "lastCorrect": "2024-08-17", "count": 1, "part": ""}, "rapporti": {"translations": ["relationships"], "lastCorrect": "2024-08-17", "count": 1, "part": ""}, "adulto": {"translations": ["adult", ["adult"]], "lastCorrect": "2024-08-17", "count": 1, "part": "Noun"}, "adolescente": {"translations": ["teenager", ["teenager"]], "lastCorrect": "2024-08-17", "count": 1, "part": "Noun"}, "ospite": {"translations": ["guest"], "lastCorrect": "2024-08-17", "count": 1, "part": ""}, "pezzi": {"translations": ["pieces"], "lastCorrect": "2024-08-17", "count": 1, "part": ""}, "bambino": {"translations": ["child"], "lastCorrect": "2024-08-17", "count": 1, "part": ""}, "\u00abi cittadini\u00bb": {"translations": ["the citizens"], "lastCorrect": "2024-08-17", "count": 1, "part": ""}, "fidanzato": {"translations": ["boyfriend", "fiance"], "lastCorrect": "", "count": 0, "part": ""}, "folla": {"translations": ["crowd"], "lastCorrect": "2024-08-17", "count": 1, "part": ""}, "\u00abmatrimonio\u00bb": {"translations": ["marriage"], "lastCorrect": "2024-08-17", "count": 1, "part": ""}, "qualsiasi": {"translations": ["any"], "lastCorrect": "2024-08-19", "count": 2, "part": ""}, "qualunque": {"translations": ["any", "whichever"], "lastCorrect": "2024-08-19", "count": 1, "part": ""}, "parecchio": {"translations": ["quite a lot"], "lastCorrect": "2024-08-17", "count": 2, "part": ""}, "lo sappiamo": {"translations": ["we know"], "lastCorrect": "2024-08-17", "count": 1, "part": ""}, "cose": {"translations": ["things"], "lastCorrect": "2024-08-17", "count": 1, "part": ""}, "molti": {"translations": ["many"], "lastCorrect": "2024-08-17", "count": 2, "part": ""}, "parrecchie": {"translations": ["many"], "lastCorrect": "2024-08-17", "count": 2, "part": ""}, "spessa": {"translations": ["thick"], "lastCorrect": "2024-08-17", "count": 1, "part": ""}, "alcuni": {"translations": ["some"], "lastCorrect": "2024-08-17", "count": 1, "part": ""}, "pochi": {"translations": ["a few"], "lastCorrect": "2024-08-17", "count": 1, "part": ""}, "\u00abterzo\u00bb": {"translations": ["third"], "lastCorrect": "2024-08-17", "count": 1, "part": ""}, "\u00abquarto\u00bb": {"translations": ["fourth"], "lastCorrect": "2024-08-17", "count": 1, "part": ""}, "quarantesimo": {"translations": ["fourtieth"], "lastCorrect": "2024-08-17", "count": 1, "part": ""}, "quaranta": {"translations": ["forty"], "lastCorrect": "2024-08-17", "count": 1, "part": ""}, "cinquanta": {"translations": ["fifty"], "lastCorrect": "2024-08-17", "count": 1, "part": ""}, "cinquantesimo": {"translations": ["fiftieth"], "lastCorrect": "2024-08-17", "count": 1, "part": ""}, "abbastanza": {"translations": ["enough"], "lastCorrect": "2024-08-17", "count": 1, "part": ""}, "ogni": {"translations": ["every"], "lastCorrect": "2024-08-17", "count": 1, "part": ""}, "\u00abaltro\u00bb": {"translations": ["other"], "lastCorrect": "2024-08-17", "count": 1, "part": ""}, "nessuna": {"translations": ["any"], "lastCorrect": "2024-08-19", "count": 2, "part": ""}, "finestre": {"translations": ["windows"], "lastCorrect": "2024-08-17", "count": 1, "part": ""}, "abbondanza": {"translations": ["plenty"], "lastCorrect": "2024-08-17", "count": 2, "part": ""}, "parecchia": {"translations": ["plenty", "many"], "lastCorrect": "2024-08-17", "count": 2, "part": ""}, "\u00abqualsiasi\u00bb": {"translations": ["whichever"], "lastCorrect": "2024-08-17", "count": 1, "part": ""}, "io cammino": {"translations": ["i walk"], "lastCorrect": "2024-08-17", "count": 1, "part": ""}, "sorridere": {"translations": ["to smile"], "lastCorrect": "2024-08-17", "count": 1, "part": ""}, "sorrido": {"translations": ["i smile"], "lastCorrect": "2024-08-17", "count": 1, "part": ""}, "viaggio": {"translations": ["i travel"], "lastCorrect": "2024-08-17", "count": 1, "part": ""}, "rubare": {"translations": ["steal"], "lastCorrect": "2024-08-17", "count": 1, "part": ""}, "io rubo": {"translations": ["i steal"], "lastCorrect": "2024-08-17", "count": 2, "part": ""}, "accendi": {"translations": ["turn on", ["turn on"]], "lastCorrect": "2025-04-13", "count": 2, "part": "Verb (Infinitive)"}, "accendo": {"translations": ["i turn on", ["i turn on"]], "lastCorrect": "2024-08-17", "count": 1, "part": "Verb (Present)"}, "inferiore": {"translations": ["lower"], "lastCorrect": "2024-08-17", "count": 1, "part": ""}, "abbassare": {"translations": ["to lower"], "lastCorrect": "2024-08-17", "count": 1, "part": "Verb (Infinitive)"}, "io abbasso": {"translations": ["i lower"], "lastCorrect": "2024-08-17", "count": 1, "part": ""}, "tende": {"translations": ["curtains"], "lastCorrect": "2024-08-17", "count": 1, "part": ""}, "bruciare": {"translations": ["burning"], "lastCorrect": "2024-08-17", "count": 1, "part": ""}, "brucia": {"translations": ["it burns"], "lastCorrect": "2024-08-17", "count": 1, "part": ""}, "fumare": {"translations": ["to smoke"], "lastCorrect": "2024-08-17", "count": 1, "part": ""}, "io fumo": {"translations": ["i smoke"], "lastCorrect": "2024-08-17", "count": 1, "part": ""}, "fallire": {"translations": ["to fail"], "lastCorrect": "2024-08-17", "count": 1, "part": ""}, "fallisco": {"translations": ["i fail"], "lastCorrect": "2024-08-17", "count": 1, "part": ""}, "mentire": {"translations": ["to lie"], "lastCorrect": "2024-08-17", "count": 1, "part": ""}, "io mento": {"translations": ["i lie"], "lastCorrect": "2024-08-17", "count": 1, "part": ""}, "da pulire": {"translations": ["to clean"], "lastCorrect": "2024-08-17", "count": 1, "part": ""}, "io pulisco": {"translations": ["i clean"], "lastCorrect": "2024-08-17", "count": 1, "part": ""}, "da riempire": {"translations": ["to fill"], "lastCorrect": "2024-08-17", "count": 1, "part": ""}, "riempio": {"translations": ["i fill"], "lastCorrect": "2024-08-17", "count": 1, "part": ""}, "riposare": {"translations": ["to rest"], "lastCorrect": "2024-08-17", "count": 1, "part": ""}, "mi riposo": {"translations": ["i rest"], "lastCorrect": "2024-08-17", "count": 1, "part": ""}, "lavare": {"translations": ["to wash"], "lastCorrect": "2024-08-17", "count": 1, "part": ""}, "io lavo": {"translations": ["i wash"], "lastCorrect": "2024-08-17", "count": 1, "part": ""}, "baciare": {"translations": ["to kiss"], "lastCorrect": "2024-08-17", "count": 1, "part": ""}, "io bacio": {"translations": ["i kiss"], "lastCorrect": "2024-08-17", "count": 1, "part": ""}, "coltivare": {"translations": ["to cultivate"], "lastCorrect": "2024-08-17", "count": 1, "part": ""}, "io coltivo": {"translations": ["i cultivate"], "lastCorrect": "2024-08-17", "count": 1, "part": ""}, "prenotare": {"translations": ["to reserve"], "lastCorrect": "2024-08-17", "count": 1, "part": ""}, "prenotermo": {"translations": ["i reserve"], "lastCorrect": "2024-08-17", "count": 1, "part": ""}, "lei riserva": {"translations": ["she reserves"], "lastCorrect": "2024-08-17", "count": 1, "part": ""}, "formare": {"translations": ["to train"], "lastCorrect": "2024-08-17", "count": 1, "part": ""}, "mi alleno": {"translations": ["i train"], "lastCorrect": "2024-08-17", "count": 1, "part": ""}, "da esplorare": {"translations": ["to explore"], "lastCorrect": "2024-08-17", "count": 1, "part": ""}, "io esploro": {"translations": ["i explore"], "lastCorrect": "2024-08-17", "count": 1, "part": ""}, "supporre": {"translations": ["to suppose"], "lastCorrect": "2024-08-17", "count": 1, "part": ""}, "suppongo": {"translations": ["i suppose"], "lastCorrect": "2024-08-17", "count": 1, "part": ""}, "urlare": {"translations": ["to yell", "to scream"], "lastCorrect": "", "count": 0, "part": ""}, "io urlo": {"translations": ["i yell", "i scream"], "lastCorrect": "", "count": 0, "part": ""}, "da svuotare": {"translations": ["to empty"], "lastCorrect": "2024-08-17", "count": 1, "part": ""}, "io svuoto": {"translations": ["i empty"], "lastCorrect": "2024-08-17", "count": 1, "part": ""}, "vuoto": {"translations": ["empty"], "lastCorrect": "2024-08-17", "count": 1, "part": ""}, "pianificare": {"translations": ["to plan"], "lastCorrect": "2024-08-17", "count": 1, "part": ""}, "io piano": {"translations": ["i plan"], "lastCorrect": "2024-08-17", "count": 1, "part": ""}, "nuotare": {"translations": ["to swim"], "lastCorrect": "2024-08-17", "count": 1, "part": ""}, "io nuoto": {"translations": ["i swim"], "lastCorrect": "2024-08-17", "count": 1, "part": ""}, "per parcheggiare": {"translations": ["to park"], "lastCorrect": "2024-08-17", "count": 1, "part": ""}, "io parto": {"translations": ["i park"], "lastCorrect": "2024-08-17", "count": 1, "part": ""}, "da sistemare": {"translations": ["to fix"], "lastCorrect": "2024-08-17", "count": 1, "part": ""}, "da riparare": {"translations": ["to repair"], "lastCorrect": "2024-08-17", "count": 1, "part": ""}, "riparo": {"translations": ["i repair"], "lastCorrect": "2024-08-17", "count": 1, "part": ""}, "partire": {"translations": ["to leave"], "lastCorrect": "2025-04-13", "count": 2, "part": ""}, "me ne vado": {"translations": ["i leave"], "lastCorrect": "2024-08-17", "count": 1, "part": ""}, "io parte": {"translations": ["i part"], "lastCorrect": "2024-08-17", "count": 1, "part": ""}, "assomigliare": {"translations": ["look like"], "lastCorrect": "2024-08-17", "count": 1, "part": ""}, "sembra": {"translations": ["looks like"], "lastCorrect": "2025-04-13", "count": 2, "part": ""}, "per asciugare": {"translations": ["to dry"], "lastCorrect": "2024-08-17", "count": 2, "part": ""}, "mi asciugo": {"translations": ["i dry"], "lastCorrect": "2025-04-13", "count": 2, "part": ""}, "migliorare": {"translations": ["to improve"], "lastCorrect": "2024-08-17", "count": 1, "part": ""}, "io miglioro": {"translations": ["i improve"], "lastCorrect": "2024-08-17", "count": 1, "part": ""}, "\u00abaccettare\u00bb": {"translations": ["to accept"], "lastCorrect": "2024-08-17", "count": 1, "part": ""}, "accetto": {"translations": ["i accept", ["i accept"]], "lastCorrect": "2024-08-17", "count": 1, "part": "Verb (Present)"}, "friggere": {"translations": ["to fry"], "lastCorrect": "2024-08-17", "count": 1, "part": ""}, "io friggo": {"translations": ["i fry"], "lastCorrect": "2024-08-17", "count": 1, "part": ""}, "da arrostire": {"translations": ["to roast"], "lastCorrect": "2024-08-17", "count": 2, "part": ""}, "arrosto": {"translations": ["i roast"], "lastCorrect": "2024-08-17", "count": 1, "part": ""}, "ha iniziato": {"translations": ["has started"], "lastCorrect": "2024-08-17", "count": 1, "part": ""}, "e cominciata": {"translations": ["has started"], "lastCorrect": "2024-08-17", "count": 1, "part": ""}, "hanno avuto": {"translations": ["have had"], "lastCorrect": "2024-08-17", "count": 1, "part": ""}, "ho avuto": {"translations": ["i have had"], "lastCorrect": "2024-08-17", "count": 1, "part": ""}, "sono venuti": {"translations": ["have come", "they have come"], "lastCorrect": "2024-08-17", "count": 2, "part": ""}, "sono venuto": {"translations": ["i have come"], "lastCorrect": "2024-08-17", "count": 1, "part": ""}, "hanno parlato": {"translations": ["have spoken"], "lastCorrect": "2024-08-17", "count": 1, "part": ""}, "ho parlato": {"translations": ["i have spoken"], "lastCorrect": "2024-08-17", "count": 1, "part": ""}, "ho visto": {"translations": ["have seen"], "lastCorrect": "2024-08-17", "count": 1, "part": ""}, "da vedere": {"translations": ["to see"], "lastCorrect": "2024-08-17", "count": 1, "part": ""}, "avere": {"translations": ["to have"], "lastCorrect": "2024-08-17", "count": 1, "part": ""}, "a venire": {"translations": ["to come"], "lastCorrect": "2024-08-17", "count": 1, "part": "Verb (Infinitive)"}, "potrei": {"translations": ["i could"], "lastCorrect": "2024-08-17", "count": 1, "part": ""}, "io posso": {"translations": ["i can"], "lastCorrect": "2024-08-17", "count": 1, "part": ""}, "sentire": {"translations": ["to feel"], "lastCorrect": "2024-08-17", "count": 1, "part": ""}, "ho sentito": {"translations": ["i heard"], "lastCorrect": "2024-08-17", "count": 1, "part": ""}, "andare": {"translations": ["to go"], "lastCorrect": "2024-08-17", "count": 1, "part": ""}, "morire": {"translations": ["to die"], "lastCorrect": "2024-08-17", "count": 1, "part": ""}, "credere": {"translations": ["to believe"], "lastCorrect": "2024-08-17", "count": 1, "part": ""}, "sapere": {"translations": ["to know"], "lastCorrect": "2024-08-17", "count": 1, "part": ""}, "per entrare": {"translations": ["to enter"], "lastCorrect": "2024-08-17", "count": 1, "part": ""}, "cominciato": {"translations": ["began"], "lastCorrect": "2024-08-17", "count": 1, "part": ""}, "da conservare": {"translations": ["to keep"], "lastCorrect": "2024-08-17", "count": 1, "part": ""}, "tenere": {"translations": ["to keep"], "lastCorrect": "2024-08-17", "count": 1, "part": ""}, "rimanere": {"translations": ["to remain"], "lastCorrect": "2024-08-17", "count": 1, "part": ""}, "passare": {"translations": ["to stay", "to spend"], "lastCorrect": "2024-08-17", "count": 1, "part": ""}, "portare": {"translations": ["to bring"], "lastCorrect": "2024-08-17", "count": 1, "part": ""}, "to live": {"translations": ["to have"], "lastCorrect": "2024-08-17", "count": 1, "part": ""}, "vivere": {"translations": ["to live"], "lastCorrect": "2024-08-17", "count": 1, "part": ""}, "aprire": {"translations": ["to open"], "lastCorrect": "2024-08-17", "count": 1, "part": ""}, "da usare": {"translations": ["to use"], "lastCorrect": "2024-08-17", "count": 1, "part": ""}, "uso": {"translations": ["use"], "lastCorrect": "2024-08-17", "count": 1, "part": ""}, "guardare": {"translations": ["to look"], "lastCorrect": "2024-08-17", "count": 1, "part": ""}, "chiamare": {"translations": ["to call"], "lastCorrect": "2024-08-17", "count": 1, "part": ""}, "ricordare": {"translations": ["to remember"], "lastCorrect": "2024-08-17", "count": 1, "part": ""}, "\u00abdecidere\u00bb": {"translations": ["to decide"], "lastCorrect": "2025-04-13", "count": 3, "part": ""}, "da fare": {"translations": ["to do"], "lastCorrect": "2024-08-17", "count": 1, "part": ""}, "mettere insieme": {"translations": ["to put together"], "lastCorrect": "2024-08-17", "count": 2, "part": ""}, "fatto": {"translations": ["made"], "lastCorrect": "2025-04-13", "count": 2, "part": ""}, "per finire": {"translations": ["to finish"], "lastCorrect": "2024-08-17", "count": 1, "part": ""}, "scrivere": {"translations": ["to write"], "lastCorrect": "2024-08-17", "count": 1, "part": ""}, "da seguire": {"translations": ["to follow"], "lastCorrect": "2024-08-17", "count": 1, "part": ""}, "da leggere": {"translations": ["to read"], "lastCorrect": "2024-08-17", "count": 1, "part": ""}, "aiutare": {"translations": ["to help"], "lastCorrect": "2024-08-17", "count": 1, "part": ""}, "amare": {"translations": ["to love"], "lastCorrect": "2024-08-17", "count": 1, "part": ""}, "da aggiungere": {"translations": ["to add"], "lastCorrect": "2024-08-17", "count": 1, "part": ""}, "per chiudere": {"translations": ["to close"], "lastCorrect": "2024-08-17", "count": 1, "part": ""}, "scegliere": {"translations": ["to choose"], "lastCorrect": "2024-08-17", "count": 1, "part": ""}, "da mostrare": {"translations": ["to show"], "lastCorrect": "2024-08-17", "count": 1, "part": ""}, "indicare": {"translations": ["to show"], "lastCorrect": "2024-08-17", "count": 1, "part": ""}, "da mangiare": {"translations": ["to eat"], "lastCorrect": "2024-08-17", "count": 1, "part": ""}, "mancare": {"translations": ["to miss"], "lastCorrect": "2024-08-17", "count": 1, "part": ""}, "tirare": {"translations": ["to pull"], "lastCorrect": "2024-08-17", "count": 1, "part": ""}, "guidare": {"translations": ["to drive"], "lastCorrect": "2024-08-17", "count": 1, "part": ""}, "ricevere": {"translations": ["to receive"], "lastCorrect": "2024-08-17", "count": 1, "part": ""}, "dimostrare": {"translations": ["to demonstrate"], "lastCorrect": "2024-08-17", "count": 1, "part": ""}, "spendere": {"translations": ["to spend"], "lastCorrect": "2024-08-17", "count": 1, "part": ""}, "svegliarsi": {"translations": ["to wake"], "lastCorrect": "2024-08-17", "count": 2, "part": ""}, "svegliare": {"translations": ["to wake up"], "lastCorrect": "2024-08-17", "count": 1, "part": ""}, "bere": {"translations": ["to drink"], "lastCorrect": "2024-08-17", "count": 1, "part": ""}, "ripetere": {"translations": ["to repeat"], "lastCorrect": "2024-08-17", "count": 1, "part": ""}, "affittare": {"translations": ["to rent", "to rent out", ["to rent", "to rent out"], "rent"], "lastCorrect": "2024-08-17", "count": 1, "part": "Verb (Infinitive)"}, "nolegiare": {"translations": ["to rent"], "lastCorrect": "2024-08-17", "count": 2, "part": ""}, "Ricordare": {"translations": ["to remember"], "lastCorrect": "2024-08-17", "count": 1, "part": "Verb (Infinitive)"}, "che succedere": {"translations": ["what's happening"], "lastCorrect": "2024-08-17", "count": 1, "part": ""}, "strisciare": {"translations": ["to crawl"], "lastCorrect": "2024-08-17", "count": 1, "part": ""}, "Non ricordare": {"translations": ["to not remember"], "lastCorrect": "2024-08-17", "count": 1, "part": "Verb (Infinitive)"}, "Allenare": {"translations": ["to train"], "lastCorrect": "2024-08-17", "count": 5, "part": "Verb (Infinitive)"}, "Cosa sta succedendo": {"translations": ["what is happening"], "lastCorrect": "2024-08-17", "count": 5, "part": ""}, "voglio": {"translations": ["i want"], "lastCorrect": "2024-08-17", "count": 1, "part": ""}, "e": {"translations": ["It's"], "lastCorrect": "2024-08-17", "count": 1, "part": ""}, "albero": {"translations": ["tree"], "lastCorrect": "", "count": 0, "part": "Noun"}, "Autobus": {"translations": ["bus"], "lastCorrect": "2024-08-19", "count": 1, "part": "Noun"}, "informazioni": {"translations": ["information", "info"], "lastCorrect": "2024-08-17", "count": 1, "part": "Noun"}, "treno": {"translations": ["train"], "lastCorrect": "2024-08-17", "count": 2, "part": "Noun"}, "buttare": {"translations": ["throw away", ["throw away"], "throw"], "lastCorrect": "", "count": 0, "part": ""}, "specare": {"translations": ["waste", ["waste"]], "lastCorrect": "", "count": 0, "part": "Verb (Infinitive)"}, "Riciclare": {"translations": ["recycle"], "lastCorrect": "", "count": 0, "part": "Verb (Infinitive)"}, "fantasma": {"translations": ["ghost"], "lastCorrect": "", "count": 0, "part": "Noun"}, "piangere": {"translations": ["cry"], "lastCorrect": "", "count": 0, "part": "Verb (Infinitive)"}, "Piango": {"translations": ["i cry"], "lastCorrect": "", "count": 0, "part": "Verb (Infinitive)"}, "Credere": {"translations": ["to believe"], "lastCorrect": "", "count": 0, "part": "Verb (Infinitive)"}, "Paura": {"translations": ["fear"], "lastCorrect": "2025-04-13", "count": 1, "part": "Noun"}, "sprecare": {"translations": ["waste"], "lastCorrect": "", "count": 0, "part": ""}, "Pantaloncini": {"translations": ["shorts"], "lastCorrect": "", "count": 0, "part": "Noun"}, "cucciolo": {"translations": ["puppy"], "lastCorrect": "", "count": 0, "part": ""}, "stretto": {"translations": ["tight"], "lastCorrect": "", "count": 0, "part": ""}, "strega": {"translations": ["witch"], "lastCorrect": "", "count": 0, "part": ""}, "cibo": {"translations": ["food"], "lastCorrect": "", "count": 0, "part": ""}}